{
    "id": "fantoms-stuff",
    "title": "fantoms stuff",
    "description": "fantoms stuff.",
    "authors": [
      {
        "name": "fantom",
        "flags": {}
      }
    ],
    "version": "1.0.0",
    "compatibility": {
      "minimum": "10",
      "verified": "10"
    },
    "packs": [
      {
        "name": "maps",
        "system": "dnd5e",
        "label": "fantoms maps",
        "path": "packs/fantom-maps.db",
        "type": "Scene",
        "private": false,
        "flags": {}
      }
    ],
    "scripts": [
      "scripts/init.js"
    ],
    "url": "https://github.com/fantom87/fantoms-stuff",
    "manifest": "https://github.com/fantom87/fantoms-stuff/releases/latest/download/module.json",
    "download": "https://github.com/fantom87/fantoms-stuff/releases/download/1.0.0/fantoms.stuff.zip"
  }